segment_id,roadside_hazard_level,sidewalk_presence,crosswalk_presence,lane_markings_quality,signage_type,lighting_presence,image_coverage_date
1,Low,False,True,Fair,Faded,True,2026-05-01
2,High,False,False,Good,Missing,False,2026-05-01
3,Low,False,False,Poor,Standard,True,2026-05-01
4,Low,False,False,Good,Standard,True,2026-05-01
5,High,False,False,Poor,Standard,True,2026-05-01
6,Low,False,False,Poor,Standard,True,2026-05-01
7,High,False,False,Fair,Standard,False,2026-05-01
8,High,False,True,Good,Faded,False,2026-05-01
9,Low,False,False,Fair,Missing,True,2026-05-01
10,Low,True,False,Good,Standard,True,2026-05-01
11,High,False,False,Poor,Missing,True,2026-05-01
12,Low,True,False,Good,Faded,True,2026-05-01
13,Low,True,False,Poor,Faded,False,2026-05-01
14,Low,False,False,Good,Standard,True,2026-05-01
15,High,False,False,Poor,Faded,True,2026-05-01
16,Low,False,False,Fair,Standard,False,2026-05-01
17,Medium,False,True,Fair,Standard,False,2026-05-01
18,Medium,True,False,Fair,Faded,True,2026-05-01
19,Low,False,True,Poor,Standard,True,2026-05-01
20,Medium,False,False,Fair,Standard,True,2026-05-01
21,Medium,True,False,Poor,Standard,False,2026-05-01
22,High,False,False,Fair,Standard,False,2026-05-01
23,Medium,False,False,Fair,Faded,False,2026-05-01
24,Low,False,False,Poor,Missing,True,2026-05-01
25,Low,False,False,Poor,Missing,False,2026-05-01
26,Medium,True,False,Fair,Standard,False,2026-05-01
27,Low,True,False,Poor,Standard,True,2026-05-01
28,Medium,False,False,Good,Standard,False,2026-05-01
29,Medium,False,False,Good,Missing,True,2026-05-01
30,Medium,False,False,Fair,Standard,True,2026-05-01
31,Medium,True,False,Good,Faded,True,2026-05-01
32,Medium,False,False,Good,Faded,False,2026-05-01
33,Low,False,False,Good,Faded,False,2026-05-01
34,Medium,False,True,Good,Faded,False,2026-05-01
35,Low,False,True,Poor,Faded,False,2026-05-01
36,High,False,False,Good,Faded,False,2026-05-01
37,High,False,False,Good,Faded,False,2026-05-01
38,Low,False,True,Fair,Faded,False,2026-05-01
39,High,False,False,Good,Missing,True,2026-05-01
40,Medium,True,False,Good,Standard,False,2026-05-01
41,Medium,False,False,Fair,Standard,False,2026-05-01
42,Medium,True,False,Fair,Missing,False,2026-05-01
43,Medium,False,False,Good,Standard,False,2026-05-01
44,Low,True,True,Fair,Standard,False,2026-05-01
45,Medium,False,True,Good,Faded,False,2026-05-01
46,High,False,False,Fair,Faded,False,2026-05-01
47,High,False,False,Poor,Faded,True,2026-05-01
48,Medium,False,False,Good,Faded,True,2026-05-01
49,High,False,False,Fair,Missing,True,2026-05-01
50,High,False,False,Good,Standard,False,2026-05-01
51,Medium,True,True,Good,Standard,True,2026-05-01
52,High,False,True,Good,Standard,True,2026-05-01
53,Low,False,False,Good,Standard,False,2026-05-01
54,Low,True,False,Good,Faded,False,2026-05-01
55,Medium,False,False,Good,Missing,False,2026-05-01
56,High,False,False,Poor,Faded,False,2026-05-01
57,Medium,False,True,Poor,Standard,False,2026-05-01
58,Low,False,False,Poor,Standard,False,2026-05-01
59,Medium,True,False,Fair,Missing,True,2026-05-01
60,High,False,False,Good,Standard,False,2026-05-01
61,Medium,False,False,Fair,Standard,False,2026-05-01
62,High,True,False,Fair,Standard,False,2026-05-01
63,Low,False,False,Poor,Standard,True,2026-05-01
64,Medium,False,True,Fair,Standard,False,2026-05-01
65,Medium,True,False,Good,Faded,True,2026-05-01
66,Low,False,False,Fair,Faded,False,2026-05-01
67,High,False,False,Good,Faded,False,2026-05-01
68,Medium,True,False,Poor,Faded,False,2026-05-01
69,Medium,False,False,Good,Standard,True,2026-05-01
70,High,False,False,Fair,Faded,True,2026-05-01
71,Medium,True,False,Good,Faded,False,2026-05-01
72,Medium,False,False,Fair,Faded,False,2026-05-01
73,Medium,True,False,Good,Standard,False,2026-05-01
74,High,False,False,Poor,Missing,False,2026-05-01
75,Medium,False,False,Fair,Standard,False,2026-05-01
76,Low,False,True,Poor,Faded,False,2026-05-01
77,Low,False,False,Good,Standard,False,2026-05-01
78,High,True,True,Good,Standard,False,2026-05-01
79,High,False,False,Fair,Standard,True,2026-05-01
80,Low,False,False,Good,Standard,False,2026-05-01
81,High,False,False,Fair,Missing,False,2026-05-01
82,Medium,True,False,Fair,Standard,False,2026-05-01
83,Medium,False,False,Fair,Standard,True,2026-05-01
84,High,True,False,Good,Missing,False,2026-05-01
85,High,False,False,Good,Standard,False,2026-05-01
86,Low,False,False,Fair,Faded,False,2026-05-01
87,Low,False,True,Poor,Faded,True,2026-05-01
88,Medium,False,False,Fair,Missing,False,2026-05-01
89,Low,True,False,Fair,Faded,False,2026-05-01
90,Medium,False,False,Good,Standard,False,2026-05-01
91,Medium,False,False,Good,Missing,False,2026-05-01
92,Medium,False,True,Fair,Faded,False,2026-05-01
93,High,False,False,Fair,Standard,False,2026-05-01
94,Low,True,False,Poor,Standard,True,2026-05-01
95,Low,False,True,Fair,Faded,True,2026-05-01
96,Medium,False,True,Good,Faded,True,2026-05-01
97,Low,False,False,Good,Missing,True,2026-05-01
98,Medium,False,False,Fair,Standard,True,2026-05-01
99,Low,True,False,Good,Standard,True,2026-05-01
100,High,False,False,Fair,Faded,True,2026-05-01
101,High,False,False,Fair,Standard,True,2026-05-01
102,High,False,False,Poor,Standard,False,2026-05-01
103,High,True,False,Fair,Standard,True,2026-05-01
104,Low,False,False,Fair,Faded,True,2026-05-01
105,Medium,False,True,Fair,Standard,False,2026-05-01
106,Medium,False,False,Good,Missing,False,2026-05-01
107,Low,True,False,Good,Faded,True,2026-05-01
108,Low,False,False,Poor,Standard,False,2026-05-01
109,High,False,False,Fair,Standard,False,2026-05-01
110,Low,False,False,Fair,Faded,True,2026-05-01
111,High,True,False,Poor,Standard,False,2026-05-01
112,Medium,False,False,Good,Missing,True,2026-05-01
113,Medium,True,True,Fair,Standard,False,2026-05-01
114,Low,False,False,Poor,Standard,True,2026-05-01
115,High,False,False,Fair,Standard,False,2026-05-01
116,Medium,False,False,Poor,Faded,True,2026-05-01
117,Low,True,True,Good,Faded,False,2026-05-01
118,Low,False,False,Poor,Standard,True,2026-05-01
119,Low,True,False,Good,Missing,False,2026-05-01
120,High,False,False,Fair,Missing,False,2026-05-01
121,Low,True,False,Poor,Faded,True,2026-05-01
122,Medium,True,False,Fair,Standard,False,2026-05-01
123,Low,True,True,Good,Standard,True,2026-05-01
124,High,False,False,Poor,Faded,True,2026-05-01
125,Medium,True,True,Good,Faded,False,2026-05-01
126,Medium,True,True,Fair,Missing,True,2026-05-01
127,High,False,False,Fair,Standard,True,2026-05-01
128,High,False,False,Fair,Standard,True,2026-05-01
129,High,False,False,Poor,Missing,False,2026-05-01
130,High,True,True,Poor,Missing,True,2026-05-01
131,Low,True,False,Poor,Standard,True,2026-05-01
132,Medium,False,True,Poor,Missing,True,2026-05-01
133,High,False,False,Poor,Faded,False,2026-05-01
134,Low,True,False,Good,Standard,False,2026-05-01
135,Medium,False,False,Good,Faded,False,2026-05-01
136,Low,False,True,Fair,Standard,True,2026-05-01
137,Medium,True,False,Fair,Standard,True,2026-05-01
138,Medium,True,False,Poor,Faded,False,2026-05-01
139,Low,False,True,Poor,Standard,False,2026-05-01
140,Medium,False,False,Fair,Missing,False,2026-05-01
141,Low,False,False,Poor,Standard,True,2026-05-01
142,Medium,False,False,Good,Standard,False,2026-05-01
143,Medium,True,False,Poor,Standard,False,2026-05-01
144,Medium,False,True,Good,Missing,False,2026-05-01
145,Medium,True,False,Poor,Standard,False,2026-05-01
146,Low,False,False,Fair,Standard,False,2026-05-01
147,High,False,False,Poor,Missing,False,2026-05-01
148,Medium,False,False,Good,Standard,True,2026-05-01
149,Medium,False,False,Good,Standard,False,2026-05-01
150,Low,True,False,Good,Faded,True,2026-05-01
151,High,False,False,Good,Missing,False,2026-05-01
152,High,True,False,Good,Missing,False,2026-05-01
153,Medium,False,False,Poor,Missing,False,2026-05-01
154,Medium,False,False,Fair,Standard,False,2026-05-01
155,Medium,False,False,Fair,Standard,False,2026-05-01
156,High,False,False,Good,Standard,False,2026-05-01
157,High,False,False,Fair,Faded,False,2026-05-01
158,Medium,True,False,Fair,Missing,False,2026-05-01
159,Medium,False,False,Good,Standard,True,2026-05-01
160,High,False,False,Good,Standard,True,2026-05-01
161,Low,True,False,Good,Missing,False,2026-05-01
162,Low,False,True,Good,Standard,True,2026-05-01
163,High,False,False,Fair,Faded,False,2026-05-01
164,Medium,False,False,Poor,Standard,True,2026-05-01
165,Low,False,True,Good,Missing,True,2026-05-01
166,High,False,False,Poor,Standard,True,2026-05-01
167,High,False,False,Fair,Faded,True,2026-05-01
168,Low,False,True,Poor,Missing,False,2026-05-01
169,Medium,False,False,Poor,Faded,True,2026-05-01
170,Medium,True,True,Poor,Faded,False,2026-05-01
171,High,False,False,Good,Standard,False,2026-05-01
172,Medium,False,False,Poor,Standard,False,2026-05-01
173,Low,False,False,Good,Standard,False,2026-05-01
174,Low,False,False,Good,Standard,False,2026-05-01
175,High,False,False,Good,Faded,True,2026-05-01
176,High,True,False,Good,Standard,True,2026-05-01
177,Medium,False,False,Fair,Standard,False,2026-05-01
178,Medium,False,False,Good,Standard,True,2026-05-01
179,High,False,False,Fair,Missing,False,2026-05-01
180,Medium,False,False,Good,Missing,False,2026-05-01
181,Low,False,False,Fair,Standard,False,2026-05-01
182,Medium,True,False,Fair,Standard,False,2026-05-01
183,High,False,False,Good,Standard,False,2026-05-01
184,Medium,False,False,Poor,Standard,False,2026-05-01
185,Low,False,False,Fair,Standard,True,2026-05-01
186,Low,True,False,Fair,Missing,False,2026-05-01
187,Low,False,True,Fair,Standard,False,2026-05-01
188,Medium,True,True,Fair,Standard,False,2026-05-01
189,Low,True,False,Good,Standard,True,2026-05-01
190,Medium,False,True,Fair,Standard,False,2026-05-01
191,Low,False,True,Good,Standard,True,2026-05-01
192,High,False,False,Poor,Standard,False,2026-05-01
193,Medium,False,False,Fair,Faded,False,2026-05-01
194,High,True,False,Poor,Missing,False,2026-05-01
195,High,False,True,Fair,Standard,False,2026-05-01
196,Medium,True,False,Poor,Standard,False,2026-05-01
197,High,True,False,Fair,Standard,False,2026-05-01
198,Low,False,False,Good,Standard,False,2026-05-01
199,Medium,True,False,Good,Faded,False,2026-05-01
200,Low,False,False,Fair,Standard,False,2026-05-01
201,Low,True,False,Good,Standard,False,2026-05-01
202,Low,True,False,Fair,Missing,True,2026-05-01
203,Low,False,False,Good,Missing,False,2026-05-01
204,Low,True,False,Poor,Missing,False,2026-05-01
205,Low,False,False,Good,Standard,False,2026-05-01
206,Low,True,False,Good,Standard,False,2026-05-01
207,Medium,False,True,Poor,Standard,True,2026-05-01
208,Medium,False,False,Good,Missing,False,2026-05-01
209,Medium,True,False,Fair,Standard,True,2026-05-01
210,Low,False,False,Fair,Faded,True,2026-05-01
211,Low,False,True,Good,Missing,False,2026-05-01
212,Low,False,False,Good,Faded,True,2026-05-01
213,High,False,False,Poor,Faded,True,2026-05-01
214,Low,False,True,Fair,Standard,True,2026-05-01
215,Medium,False,True,Good,Missing,False,2026-05-01
216,Medium,True,False,Poor,Standard,False,2026-05-01
217,Low,False,True,Poor,Missing,True,2026-05-01
218,High,True,False,Fair,Standard,True,2026-05-01
219,Medium,False,True,Good,Missing,False,2026-05-01
220,Medium,False,True,Fair,Standard,True,2026-05-01
221,High,False,True,Good,Faded,False,2026-05-01
222,Low,False,True,Good,Standard,False,2026-05-01
223,Low,True,False,Fair,Standard,False,2026-05-01
224,Low,False,False,Good,Standard,True,2026-05-01
225,High,False,False,Fair,Standard,False,2026-05-01
226,Low,False,False,Good,Standard,False,2026-05-01
227,High,False,False,Poor,Faded,True,2026-05-01
228,High,False,False,Good,Standard,True,2026-05-01
229,Medium,False,False,Good,Faded,False,2026-05-01
230,Medium,True,True,Poor,Standard,True,2026-05-01
231,Low,False,False,Good,Standard,False,2026-05-01
232,Medium,False,True,Good,Faded,False,2026-05-01
233,Low,False,False,Poor,Faded,False,2026-05-01
234,High,False,False,Good,Missing,False,2026-05-01
235,Medium,True,False,Fair,Missing,False,2026-05-01
236,High,False,False,Good,Standard,False,2026-05-01
237,Low,False,False,Poor,Standard,False,2026-05-01
238,Low,False,True,Poor,Standard,True,2026-05-01
239,Low,True,True,Good,Standard,True,2026-05-01
240,Medium,True,False,Good,Standard,True,2026-05-01
241,Low,False,False,Good,Faded,False,2026-05-01
242,Low,False,True,Fair,Standard,True,2026-05-01
243,Medium,True,False,Fair,Faded,False,2026-05-01
244,Medium,True,False,Poor,Standard,True,2026-05-01
245,High,False,False,Good,Faded,True,2026-05-01
246,High,False,False,Fair,Standard,False,2026-05-01
247,Low,True,False,Good,Missing,False,2026-05-01
248,Medium,False,False,Good,Standard,True,2026-05-01
249,High,False,False,Good,Faded,False,2026-05-01
250,Low,True,False,Fair,Faded,False,2026-05-01
251,Medium,False,False,Good,Standard,False,2026-05-01
252,Medium,False,False,Poor,Standard,False,2026-05-01
253,Medium,True,False,Fair,Missing,True,2026-05-01
254,Medium,True,False,Fair,Standard,False,2026-05-01
255,Low,True,False,Poor,Faded,False,2026-05-01
256,Low,True,True,Good,Missing,False,2026-05-01
257,Medium,True,False,Poor,Standard,False,2026-05-01
258,High,False,False,Poor,Standard,False,2026-05-01
259,Medium,True,False,Good,Standard,True,2026-05-01
260,Medium,False,False,Good,Standard,True,2026-05-01
261,Low,True,False,Good,Missing,False,2026-05-01
262,High,False,False,Fair,Missing,True,2026-05-01
263,Low,False,False,Good,Standard,False,2026-05-01
264,Low,False,False,Poor,Standard,True,2026-05-01
265,Low,True,False,Good,Standard,True,2026-05-01
266,Medium,False,True,Good,Standard,False,2026-05-01
267,Medium,False,False,Poor,Faded,True,2026-05-01
268,Low,True,False,Good,Standard,False,2026-05-01
269,Medium,False,True,Good,Standard,False,2026-05-01
270,Low,False,False,Fair,Standard,False,2026-05-01
271,Low,True,False,Fair,Standard,False,2026-05-01
272,Low,False,False,Good,Faded,True,2026-05-01
273,High,False,True,Fair,Standard,False,2026-05-01
274,High,False,False,Good,Faded,False,2026-05-01
275,Low,False,True,Fair,Standard,False,2026-05-01
276,Low,True,False,Good,Missing,False,2026-05-01
277,Low,True,True,Good,Standard,False,2026-05-01
278,Medium,True,False,Good,Faded,False,2026-05-01
279,Low,False,False,Good,Faded,True,2026-05-01
280,Medium,False,False,Poor,Faded,False,2026-05-01
281,Medium,True,False,Poor,Missing,False,2026-05-01
282,Medium,False,True,Good,Standard,False,2026-05-01
283,Low,False,True,Poor,Faded,False,2026-05-01
284,High,False,False,Poor,Missing,True,2026-05-01
285,Low,True,False,Good,Faded,False,2026-05-01
286,Low,True,False,Fair,Faded,False,2026-05-01
287,High,False,False,Fair,Standard,False,2026-05-01
288,High,False,False,Fair,Standard,True,2026-05-01
289,Medium,False,False,Good,Missing,True,2026-05-01
290,Low,False,False,Poor,Standard,False,2026-05-01
291,High,False,False,Fair,Faded,False,2026-05-01
292,Medium,False,False,Fair,Faded,False,2026-05-01
293,High,False,False,Fair,Missing,False,2026-05-01
294,High,False,False,Poor,Standard,False,2026-05-01
295,Medium,True,False,Good,Standard,False,2026-05-01
296,High,False,False,Fair,Standard,True,2026-05-01
297,High,False,False,Good,Faded,True,2026-05-01
298,Low,False,False,Poor,Standard,False,2026-05-01
299,Medium,True,False,Good,Standard,False,2026-05-01
300,High,False,False,Good,Standard,False,2026-05-01
301,High,False,False,Fair,Faded,False,2026-05-01
302,Medium,True,False,Fair,Standard,False,2026-05-01
303,Medium,False,True,Fair,Faded,True,2026-05-01
304,High,False,False,Fair,Missing,False,2026-05-01
305,Medium,True,False,Fair,Missing,False,2026-05-01
306,Low,True,True,Good,Standard,True,2026-05-01
307,Medium,False,False,Fair,Standard,False,2026-05-01
308,High,False,True,Poor,Standard,False,2026-05-01
309,Low,True,False,Fair,Faded,False,2026-05-01
310,Low,True,True,Poor,Faded,False,2026-05-01
311,Low,True,False,Good,Standard,False,2026-05-01
312,Low,True,True,Good,Faded,True,2026-05-01
313,Low,False,True,Poor,Standard,True,2026-05-01
314,Low,False,True,Fair,Standard,True,2026-05-01
315,Low,False,False,Good,Standard,True,2026-05-01
316,Low,False,True,Fair,Missing,True,2026-05-01
317,Medium,False,False,Fair,Standard,True,2026-05-01
318,Medium,True,True,Poor,Faded,True,2026-05-01
319,Medium,True,False,Poor,Missing,True,2026-05-01
320,High,False,False,Fair,Standard,True,2026-05-01
321,Low,False,False,Good,Missing,True,2026-05-01
322,High,False,False,Good,Standard,True,2026-05-01
323,Low,True,True,Poor,Standard,True,2026-05-01
324,Medium,True,False,Fair,Standard,False,2026-05-01
325,Low,True,False,Poor,Standard,True,2026-05-01
326,Medium,False,False,Fair,Faded,True,2026-05-01
327,Medium,False,False,Fair,Standard,True,2026-05-01
328,High,False,False,Good,Standard,True,2026-05-01
329,Low,True,False,Fair,Standard,True,2026-05-01
330,Low,False,False,Fair,Standard,True,2026-05-01
331,High,False,True,Good,Standard,False,2026-05-01
332,Medium,False,False,Good,Faded,True,2026-05-01
333,Medium,False,False,Poor,Standard,True,2026-05-01
334,Medium,False,False,Good,Missing,True,2026-05-01
335,Medium,True,False,Fair,Missing,False,2026-05-01
336,High,True,False,Fair,Missing,False,2026-05-01
337,Low,False,True,Fair,Missing,False,2026-05-01
338,Medium,False,False,Poor,Missing,False,2026-05-01
339,High,False,True,Good,Standard,False,2026-05-01
340,Low,False,True,Poor,Standard,True,2026-05-01
341,Medium,True,True,Poor,Standard,True,2026-05-01
342,High,True,False,Fair,Standard,True,2026-05-01
343,Low,False,True,Fair,Standard,False,2026-05-01
344,Low,False,False,Poor,Missing,True,2026-05-01
345,Medium,True,False,Fair,Faded,True,2026-05-01
346,High,False,False,Poor,Missing,False,2026-05-01
347,High,False,True,Good,Missing,True,2026-05-01
348,High,False,False,Good,Faded,False,2026-05-01
349,Low,True,False,Good,Standard,False,2026-05-01
350,High,False,False,Poor,Standard,True,2026-05-01
351,Medium,True,False,Fair,Standard,False,2026-05-01
352,Medium,False,True,Fair,Missing,False,2026-05-01
353,Medium,False,False,Fair,Standard,True,2026-05-01
354,Medium,True,False,Good,Standard,False,2026-05-01
355,Low,True,False,Fair,Standard,False,2026-05-01
356,Low,True,True,Fair,Faded,False,2026-05-01
357,Low,False,False,Good,Faded,False,2026-05-01
358,High,False,True,Fair,Standard,False,2026-05-01
359,Medium,False,False,Fair,Faded,False,2026-05-01
360,High,True,True,Fair,Missing,False,2026-05-01
361,Low,True,False,Good,Standard,False,2026-05-01
362,Medium,True,False,Good,Standard,True,2026-05-01
363,High,True,False,Poor,Standard,True,2026-05-01
364,Medium,False,False,Poor,Standard,True,2026-05-01
365,High,False,False,Fair,Standard,False,2026-05-01
366,High,False,False,Fair,Standard,True,2026-05-01
367,Medium,True,True,Good,Standard,False,2026-05-01
368,Low,False,False,Poor,Standard,True,2026-05-01
369,Medium,True,False,Good,Missing,False,2026-05-01
370,Medium,False,True,Fair,Standard,True,2026-05-01
371,Low,True,False,Good,Missing,True,2026-05-01
372,Low,False,True,Good,Faded,True,2026-05-01
373,Low,True,True,Good,Missing,True,2026-05-01
374,High,False,False,Good,Missing,False,2026-05-01
375,Low,False,False,Fair,Missing,False,2026-05-01
376,High,False,False,Fair,Standard,False,2026-05-01
377,Low,False,False,Good,Faded,True,2026-05-01
378,High,False,True,Poor,Standard,True,2026-05-01
379,Medium,True,False,Poor,Missing,False,2026-05-01
380,High,False,True,Good,Missing,True,2026-05-01
381,Low,True,True,Good,Standard,True,2026-05-01
382,High,False,True,Poor,Faded,False,2026-05-01
383,Medium,False,True,Good,Faded,False,2026-05-01
384,Low,False,False,Good,Standard,True,2026-05-01
385,Low,True,True,Good,Standard,True,2026-05-01
386,Low,False,False,Good,Standard,False,2026-05-01
387,Medium,True,True,Poor,Faded,True,2026-05-01
388,High,False,False,Fair,Missing,False,2026-05-01
389,Low,True,False,Good,Standard,True,2026-05-01
390,Low,True,True,Poor,Standard,True,2026-05-01
391,Low,True,True,Good,Standard,True,2026-05-01
392,Medium,False,False,Poor,Standard,False,2026-05-01
393,Low,True,False,Fair,Missing,True,2026-05-01
394,Low,True,True,Fair,Missing,True,2026-05-01
395,High,False,False,Fair,Faded,True,2026-05-01
396,Medium,False,True,Good,Standard,True,2026-05-01
397,Low,False,False,Fair,Missing,True,2026-05-01
398,High,False,False,Good,Standard,True,2026-05-01
399,Low,True,True,Good,Standard,False,2026-05-01
400,Medium,True,True,Good,Faded,True,2026-05-01
401,High,False,False,Fair,Missing,True,2026-05-01
402,Medium,False,False,Fair,Standard,True,2026-05-01
403,Low,False,True,Good,Missing,True,2026-05-01
404,Low,True,True,Good,Standard,False,2026-05-01
405,High,False,False,Fair,Missing,True,2026-05-01
406,Medium,False,False,Fair,Faded,False,2026-05-01
407,High,False,True,Good,Standard,True,2026-05-01
408,Low,True,False,Good,Standard,True,2026-05-01
409,Medium,False,False,Fair,Faded,True,2026-05-01
410,High,False,False,Good,Standard,False,2026-05-01
411,Medium,False,False,Good,Standard,False,2026-05-01
412,Medium,True,False,Good,Standard,True,2026-05-01
413,Low,False,True,Fair,Standard,False,2026-05-01
414,High,False,False,Poor,Missing,True,2026-05-01
415,Low,False,False,Poor,Standard,True,2026-05-01
416,Medium,False,True,Good,Standard,True,2026-05-01
417,Medium,True,False,Good,Faded,False,2026-05-01
418,High,False,False,Poor,Standard,True,2026-05-01
419,High,False,False,Fair,Standard,True,2026-05-01
420,Medium,False,True,Fair,Missing,True,2026-05-01
421,Medium,False,False,Good,Standard,True,2026-05-01
422,Low,True,False,Poor,Faded,False,2026-05-01
423,High,False,False,Good,Missing,True,2026-05-01
424,Low,False,False,Good,Missing,True,2026-05-01
425,Low,True,False,Good,Standard,False,2026-05-01
426,Low,True,True,Good,Faded,True,2026-05-01
427,Low,False,False,Fair,Standard,True,2026-05-01
428,Low,True,False,Fair,Faded,True,2026-05-01
429,Low,False,False,Good,Faded,True,2026-05-01
430,Medium,True,False,Good,Faded,False,2026-05-01
431,Low,True,True,Good,Standard,True,2026-05-01
432,Low,True,True,Poor,Standard,True,2026-05-01
433,Low,False,False,Good,Missing,True,2026-05-01
434,Medium,True,True,Good,Faded,True,2026-05-01
435,Medium,False,True,Poor,Standard,False,2026-05-01
436,Low,False,False,Poor,Faded,True,2026-05-01
437,Low,True,False,Good,Standard,True,2026-05-01
438,High,False,False,Fair,Standard,True,2026-05-01
439,Low,False,False,Good,Standard,True,2026-05-01
440,Low,True,False,Fair,Faded,False,2026-05-01
441,Low,True,False,Good,Faded,True,2026-05-01
442,Medium,True,False,Good,Standard,True,2026-05-01
443,Medium,True,True,Poor,Standard,True,2026-05-01
444,High,False,True,Good,Standard,True,2026-05-01
445,Medium,True,False,Fair,Missing,True,2026-05-01
446,Medium,False,True,Fair,Standard,True,2026-05-01
447,Low,True,False,Good,Standard,True,2026-05-01
448,Low,False,False,Poor,Standard,True,2026-05-01
449,Medium,True,True,Fair,Standard,True,2026-05-01
450,High,False,False,Good,Standard,False,2026-05-01
451,High,False,False,Poor,Standard,False,2026-05-01
452,High,False,False,Fair,Faded,True,2026-05-01
453,High,False,True,Good,Faded,True,2026-05-01
454,Medium,True,False,Good,Faded,True,2026-05-01
455,Medium,False,False,Fair,Missing,True,2026-05-01
456,Low,True,False,Fair,Standard,True,2026-05-01
457,High,False,False,Fair,Faded,True,2026-05-01
458,High,False,False,Good,Faded,True,2026-05-01
459,Medium,False,False,Good,Faded,True,2026-05-01
460,Low,True,False,Fair,Faded,True,2026-05-01
461,Medium,False,True,Poor,Standard,True,2026-05-01
462,Medium,False,False,Good,Missing,True,2026-05-01
463,High,False,False,Good,Faded,True,2026-05-01
464,Medium,False,False,Fair,Missing,True,2026-05-01
465,High,False,False,Good,Missing,True,2026-05-01
466,High,False,False,Poor,Standard,False,2026-05-01
467,Medium,True,True,Poor,Standard,False,2026-05-01
468,Low,True,True,Fair,Standard,True,2026-05-01
469,Medium,False,False,Good,Faded,True,2026-05-01
470,Medium,True,False,Good,Standard,False,2026-05-01
471,High,False,False,Poor,Faded,True,2026-05-01
472,Low,True,True,Fair,Standard,True,2026-05-01
473,Medium,True,False,Good,Standard,True,2026-05-01
474,Low,False,False,Poor,Standard,True,2026-05-01
475,Medium,True,True,Poor,Standard,True,2026-05-01
476,High,False,False,Poor,Missing,True,2026-05-01
477,High,False,True,Fair,Faded,True,2026-05-01
478,High,False,False,Good,Missing,True,2026-05-01
479,High,False,False,Good,Standard,True,2026-05-01
480,Low,False,False,Fair,Faded,True,2026-05-01
481,Medium,False,True,Fair,Faded,False,2026-05-01
482,Medium,False,True,Fair,Missing,True,2026-05-01
483,High,False,False,Good,Standard,True,2026-05-01
484,Low,False,False,Fair,Standard,True,2026-05-01
485,Low,False,True,Poor,Standard,True,2026-05-01
486,Medium,False,False,Good,Missing,False,2026-05-01
487,Low,False,False,Good,Standard,False,2026-05-01
488,Medium,False,False,Good,Standard,False,2026-05-01
489,Medium,False,False,Good,Standard,False,2026-05-01
490,Low,False,False,Poor,Standard,False,2026-05-01
491,Low,False,True,Good,Faded,False,2026-05-01
492,Low,True,False,Poor,Standard,False,2026-05-01
493,Medium,True,False,Poor,Standard,True,2026-05-01
494,High,False,False,Good,Missing,False,2026-05-01
495,High,False,False,Poor,Faded,True,2026-05-01
496,Low,False,False,Fair,Missing,False,2026-05-01
497,High,False,False,Poor,Standard,False,2026-05-01
498,High,False,False,Poor,Faded,False,2026-05-01
499,High,False,False,Fair,Standard,False,2026-05-01
500,Medium,False,False,Poor,Faded,True,2026-05-01
501,Medium,False,False,Good,Standard,True,2026-05-01
502,Medium,False,False,Good,Missing,False,2026-05-01
503,Low,True,False,Fair,Standard,False,2026-05-01
504,Medium,False,True,Good,Faded,True,2026-05-01
505,Low,True,True,Good,Standard,False,2026-05-01
506,Medium,False,False,Poor,Standard,True,2026-05-01
507,Medium,True,False,Poor,Faded,False,2026-05-01
508,Low,True,False,Good,Standard,True,2026-05-01
509,Low,False,False,Fair,Faded,False,2026-05-01
510,Medium,False,False,Poor,Faded,False,2026-05-01
511,Low,True,True,Poor,Standard,False,2026-05-01
512,Low,True,False,Good,Standard,False,2026-05-01
513,Medium,True,False,Good,Faded,True,2026-05-01
514,Low,False,False,Fair,Missing,False,2026-05-01
515,High,False,False,Poor,Missing,False,2026-05-01
516,High,False,False,Poor,Faded,True,2026-05-01
517,Low,False,True,Good,Standard,True,2026-05-01
518,High,False,False,Poor,Missing,False,2026-05-01
519,High,False,False,Fair,Standard,False,2026-05-01
520,Medium,False,False,Fair,Standard,False,2026-05-01
521,Medium,True,False,Good,Standard,False,2026-05-01
522,Low,False,True,Fair,Faded,True,2026-05-01
523,Low,True,False,Poor,Missing,False,2026-05-01
524,High,False,False,Fair,Standard,False,2026-05-01
525,Medium,False,False,Poor,Standard,True,2026-05-01
526,High,True,False,Fair,Standard,False,2026-05-01
527,Medium,True,True,Good,Standard,True,2026-05-01
528,Low,True,False,Good,Standard,False,2026-05-01
529,Low,True,True,Good,Standard,False,2026-05-01
530,Low,False,True,Good,Standard,False,2026-05-01
531,Low,False,True,Fair,Standard,False,2026-05-01
532,Medium,False,False,Fair,Missing,False,2026-05-01
533,Medium,True,False,Poor,Missing,False,2026-05-01
534,Medium,False,False,Good,Faded,True,2026-05-01
535,Low,False,False,Good,Standard,False,2026-05-01
536,High,False,False,Good,Faded,False,2026-05-01
537,Medium,False,True,Good,Missing,True,2026-05-01
538,Low,False,False,Fair,Faded,False,2026-05-01
539,Medium,False,False,Good,Missing,True,2026-05-01
540,Low,True,False,Fair,Faded,False,2026-05-01
541,Low,False,False,Poor,Standard,True,2026-05-01
542,Medium,False,False,Fair,Standard,True,2026-05-01
543,Medium,False,False,Good,Standard,True,2026-05-01
544,Low,True,False,Poor,Missing,True,2026-05-01
545,Low,True,True,Poor,Standard,True,2026-05-01
546,Low,True,False,Fair,Faded,False,2026-05-01
547,Low,True,False,Good,Faded,True,2026-05-01
548,Low,False,False,Fair,Standard,True,2026-05-01
549,Low,True,True,Good,Standard,False,2026-05-01
550,Low,False,True,Fair,Missing,False,2026-05-01
551,Low,True,False,Good,Standard,True,2026-05-01
552,Low,False,False,Fair,Standard,True,2026-05-01
553,Medium,True,False,Good,Faded,True,2026-05-01
554,Low,True,True,Good,Standard,False,2026-05-01
555,High,False,False,Poor,Faded,True,2026-05-01
556,Medium,False,False,Good,Faded,True,2026-05-01
557,Medium,False,True,Poor,Missing,True,2026-05-01
558,High,False,False,Good,Standard,False,2026-05-01
559,Low,True,True,Fair,Standard,False,2026-05-01
560,Low,True,False,Good,Faded,True,2026-05-01
561,Low,False,False,Fair,Faded,True,2026-05-01
562,High,False,False,Poor,Missing,True,2026-05-01
563,Low,False,True,Good,Missing,True,2026-05-01
564,Medium,True,True,Good,Missing,True,2026-05-01
565,Medium,True,False,Poor,Standard,True,2026-05-01
566,Low,True,True,Fair,Faded,True,2026-05-01
567,Medium,False,False,Fair,Faded,True,2026-05-01
568,Medium,False,False,Fair,Faded,True,2026-05-01
569,High,False,False,Fair,Standard,False,2026-05-01
570,Medium,False,True,Poor,Standard,True,2026-05-01
571,Medium,True,False,Poor,Standard,True,2026-05-01
572,Low,True,False,Good,Standard,False,2026-05-01
573,Medium,True,False,Good,Faded,True,2026-05-01
574,Low,False,False,Fair,Standard,True,2026-05-01
575,Low,True,False,Good,Standard,True,2026-05-01
576,Low,False,True,Fair,Faded,True,2026-05-01
577,Low,True,True,Good,Standard,True,2026-05-01
578,Low,False,False,Fair,Faded,True,2026-05-01
579,Low,False,False,Fair,Standard,False,2026-05-01
580,Low,True,False,Fair,Missing,True,2026-05-01
581,High,False,False,Fair,Faded,False,2026-05-01
582,Medium,False,True,Good,Standard,True,2026-05-01
583,Low,False,False,Fair,Standard,False,2026-05-01
584,Medium,False,True,Poor,Missing,False,2026-05-01
585,High,False,False,Good,Missing,False,2026-05-01
586,Medium,True,False,Poor,Standard,True,2026-05-01
587,Low,True,False,Fair,Faded,False,2026-05-01
588,Medium,True,False,Good,Standard,False,2026-05-01
589,Medium,True,True,Fair,Faded,True,2026-05-01
590,High,False,False,Good,Faded,True,2026-05-01
591,Low,True,True,Fair,Standard,True,2026-05-01
592,High,False,False,Good,Standard,False,2026-05-01
593,Medium,True,True,Poor,Standard,True,2026-05-01
594,Low,True,False,Poor,Faded,True,2026-05-01
595,High,False,False,Fair,Standard,False,2026-05-01
596,Low,True,True,Fair,Faded,False,2026-05-01
597,High,False,False,Good,Faded,False,2026-05-01
598,High,False,False,Fair,Faded,True,2026-05-01
599,Medium,True,False,Fair,Standard,True,2026-05-01
600,Low,True,True,Poor,Missing,True,2026-05-01
601,Low,True,True,Good,Standard,True,2026-05-01
602,Medium,False,False,Poor,Missing,True,2026-05-01
603,Medium,False,False,Good,Standard,True,2026-05-01
604,Low,True,True,Poor,Faded,True,2026-05-01
605,Medium,False,False,Good,Missing,True,2026-05-01
606,Low,False,False,Fair,Faded,False,2026-05-01
607,Medium,False,True,Poor,Faded,False,2026-05-01
608,High,True,False,Good,Missing,True,2026-05-01
609,Medium,False,False,Good,Standard,True,2026-05-01
610,Medium,False,False,Fair,Standard,True,2026-05-01
611,Low,True,True,Fair,Standard,True,2026-05-01
612,Medium,False,False,Fair,Faded,True,2026-05-01
613,High,True,False,Fair,Faded,True,2026-05-01
614,High,False,False,Poor,Faded,True,2026-05-01
615,High,False,False,Good,Standard,True,2026-05-01
616,Low,True,False,Fair,Standard,False,2026-05-01
617,Low,True,False,Fair,Standard,True,2026-05-01
618,Low,True,False,Fair,Missing,True,2026-05-01
619,Low,False,False,Good,Standard,False,2026-05-01
620,Medium,False,True,Good,Standard,True,2026-05-01
621,Low,True,True,Fair,Standard,False,2026-05-01
622,High,False,False,Poor,Faded,True,2026-05-01
623,Low,False,True,Fair,Standard,True,2026-05-01
624,High,False,False,Fair,Faded,False,2026-05-01
625,Medium,False,False,Good,Standard,True,2026-05-01
626,Low,False,True,Poor,Missing,True,2026-05-01
627,Medium,True,False,Good,Standard,False,2026-05-01
628,High,True,False,Good,Faded,True,2026-05-01
629,Low,True,False,Good,Standard,True,2026-05-01
630,Medium,True,False,Fair,Standard,True,2026-05-01
631,Low,True,False,Good,Standard,True,2026-05-01
632,High,False,False,Fair,Faded,True,2026-05-01
633,Medium,False,True,Good,Standard,False,2026-05-01
634,Medium,True,True,Good,Faded,False,2026-05-01
635,Medium,False,False,Poor,Standard,False,2026-05-01
636,High,False,False,Poor,Standard,True,2026-05-01
637,High,False,False,Good,Faded,True,2026-05-01
638,Medium,True,True,Fair,Faded,True,2026-05-01
639,Medium,True,False,Good,Missing,True,2026-05-01
640,High,False,False,Poor,Standard,False,2026-05-01
641,Medium,False,False,Fair,Standard,True,2026-05-01
642,Medium,False,False,Fair,Standard,False,2026-05-01
643,High,False,False,Good,Faded,True,2026-05-01
644,High,True,False,Fair,Faded,False,2026-05-01
645,Low,True,False,Fair,Standard,True,2026-05-01
646,Medium,True,False,Poor,Standard,True,2026-05-01
647,Low,True,False,Good,Standard,True,2026-05-01
648,High,False,False,Poor,Standard,True,2026-05-01
649,Low,False,False,Fair,Faded,True,2026-05-01
650,Low,True,False,Poor,Faded,False,2026-05-01
651,Medium,False,True,Good,Standard,False,2026-05-01
652,Low,True,False,Poor,Faded,False,2026-05-01
653,Low,True,True,Fair,Standard,False,2026-05-01
654,Low,False,False,Good,Faded,True,2026-05-01
655,Low,False,True,Good,Missing,True,2026-05-01
656,High,True,False,Good,Standard,False,2026-05-01
657,Low,False,True,Poor,Standard,True,2026-05-01
658,Medium,False,False,Fair,Missing,False,2026-05-01
659,High,False,False,Good,Missing,True,2026-05-01
660,High,False,False,Good,Faded,True,2026-05-01
661,Low,False,True,Fair,Standard,True,2026-05-01
662,High,False,False,Good,Standard,False,2026-05-01
663,Low,False,False,Good,Standard,False,2026-05-01
664,High,False,False,Fair,Standard,True,2026-05-01
665,High,False,False,Fair,Standard,True,2026-05-01
666,Medium,True,False,Poor,Standard,True,2026-05-01
667,Low,True,False,Good,Missing,True,2026-05-01
668,High,False,False,Fair,Standard,False,2026-05-01
669,Medium,False,False,Poor,Faded,True,2026-05-01
670,High,False,False,Fair,Standard,False,2026-05-01
671,Medium,True,False,Poor,Standard,True,2026-05-01
672,High,False,False,Poor,Missing,False,2026-05-01
673,Low,True,False,Fair,Standard,False,2026-05-01
674,High,False,False,Good,Standard,True,2026-05-01
675,Low,True,False,Good,Faded,True,2026-05-01
676,High,True,True,Fair,Missing,True,2026-05-01
677,Low,False,False,Poor,Standard,True,2026-05-01
678,Low,False,False,Poor,Faded,True,2026-05-01
679,Medium,True,False,Fair,Standard,False,2026-05-01
680,Low,False,False,Fair,Faded,False,2026-05-01
681,Medium,True,False,Good,Faded,True,2026-05-01
682,Medium,True,False,Fair,Faded,True,2026-05-01
683,Low,True,False,Good,Missing,True,2026-05-01
684,Low,True,False,Poor,Faded,True,2026-05-01
685,High,False,False,Poor,Faded,True,2026-05-01
686,Medium,True,True,Fair,Standard,True,2026-05-01
687,Medium,True,False,Good,Standard,False,2026-05-01
688,High,False,True,Good,Missing,True,2026-05-01
689,Low,False,False,Poor,Standard,True,2026-05-01
690,Medium,True,True,Good,Missing,True,2026-05-01
691,Low,True,True,Poor,Standard,False,2026-05-01
692,High,False,False,Poor,Standard,True,2026-05-01
693,High,True,True,Fair,Faded,False,2026-05-01
694,Low,False,False,Good,Faded,True,2026-05-01
695,Medium,False,True,Fair,Standard,True,2026-05-01
696,Medium,True,False,Poor,Missing,False,2026-05-01
697,Medium,False,False,Fair,Standard,True,2026-05-01
698,Medium,True,True,Poor,Standard,True,2026-05-01
699,Low,False,False,Poor,Faded,True,2026-05-01
700,Medium,False,False,Fair,Faded,False,2026-05-01
701,Medium,False,False,Fair,Standard,False,2026-05-01
702,Medium,False,True,Fair,Missing,True,2026-05-01
703,Medium,False,False,Poor,Standard,False,2026-05-01
704,Medium,False,False,Good,Faded,True,2026-05-01
705,Medium,False,True,Good,Standard,False,2026-05-01
706,High,True,False,Poor,Faded,True,2026-05-01
707,Low,False,False,Poor,Faded,True,2026-05-01
708,High,False,False,Fair,Standard,True,2026-05-01
709,Medium,False,True,Good,Standard,False,2026-05-01
710,Medium,True,False,Good,Faded,True,2026-05-01
711,Low,False,False,Poor,Missing,True,2026-05-01
712,Medium,True,False,Good,Standard,True,2026-05-01
713,High,False,False,Good,Standard,True,2026-05-01
714,Low,True,False,Poor,Standard,True,2026-05-01
715,Medium,False,False,Fair,Standard,True,2026-05-01
716,Medium,True,False,Good,Standard,True,2026-05-01
717,Low,True,False,Good,Standard,True,2026-05-01
718,High,True,False,Poor,Standard,True,2026-05-01
719,Medium,False,False,Poor,Faded,True,2026-05-01
720,Low,False,False,Good,Standard,True,2026-05-01
721,High,False,False,Poor,Faded,True,2026-05-01
722,Low,False,False,Good,Faded,True,2026-05-01
723,High,False,False,Good,Standard,True,2026-05-01
724,Medium,False,False,Fair,Missing,True,2026-05-01
725,Low,True,True,Good,Standard,True,2026-05-01
726,Low,True,False,Poor,Standard,True,2026-05-01
727,Low,False,False,Poor,Faded,True,2026-05-01
728,Medium,True,False,Poor,Missing,False,2026-05-01
729,High,False,False,Poor,Standard,True,2026-05-01
730,Low,True,True,Good,Faded,True,2026-05-01
731,Medium,False,False,Good,Standard,True,2026-05-01
732,Medium,True,True,Good,Faded,True,2026-05-01
733,High,True,False,Fair,Faded,True,2026-05-01
734,Low,False,False,Fair,Faded,True,2026-05-01
735,Low,True,False,Good,Standard,True,2026-05-01
736,Medium,True,False,Good,Standard,True,2026-05-01
737,High,False,False,Fair,Standard,True,2026-05-01
738,Low,True,False,Good,Standard,True,2026-05-01
739,High,False,False,Fair,Standard,False,2026-05-01
740,Low,True,False,Fair,Standard,True,2026-05-01
741,High,False,False,Good,Standard,False,2026-05-01
742,Medium,False,False,Poor,Faded,True,2026-05-01
743,High,False,False,Fair,Missing,False,2026-05-01
744,Medium,True,False,Good,Standard,True,2026-05-01
745,Medium,True,False,Poor,Standard,True,2026-05-01
746,Medium,False,True,Fair,Faded,False,2026-05-01
747,Low,False,True,Good,Standard,False,2026-05-01
748,Low,False,False,Poor,Standard,True,2026-05-01
749,Low,False,True,Good,Faded,False,2026-05-01
750,Low,False,False,Fair,Standard,True,2026-05-01
751,Low,False,False,Fair,Standard,True,2026-05-01
752,Low,False,False,Poor,Faded,True,2026-05-01
753,Low,False,True,Poor,Missing,True,2026-05-01
754,High,False,False,Poor,Standard,True,2026-05-01
755,Medium,True,False,Poor,Standard,True,2026-05-01
756,Low,False,True,Good,Missing,True,2026-05-01
757,High,False,False,Good,Missing,False,2026-05-01
758,Low,False,False,Good,Faded,True,2026-05-01
759,High,False,False,Fair,Faded,False,2026-05-01
760,High,False,False,Good,Standard,False,2026-05-01
761,Medium,True,True,Good,Faded,True,2026-05-01
762,High,False,True,Good,Standard,True,2026-05-01
763,Low,False,True,Fair,Faded,True,2026-05-01
764,Low,True,False,Fair,Faded,False,2026-05-01
765,Low,True,True,Good,Standard,True,2026-05-01
766,Medium,False,True,Good,Missing,True,2026-05-01
767,Low,True,False,Poor,Faded,True,2026-05-01
768,Low,False,False,Fair,Standard,True,2026-05-01
769,High,False,False,Good,Missing,False,2026-05-01
770,High,False,False,Fair,Faded,False,2026-05-01
771,Low,True,False,Fair,Missing,False,2026-05-01
772,Low,True,False,Fair,Standard,True,2026-05-01
773,Medium,True,True,Good,Standard,True,2026-05-01
774,Medium,False,False,Good,Faded,True,2026-05-01
775,High,False,False,Poor,Missing,True,2026-05-01
776,Medium,True,True,Good,Standard,True,2026-05-01
777,Low,False,False,Good,Faded,True,2026-05-01
778,Low,True,True,Good,Standard,True,2026-05-01
779,High,False,False,Fair,Standard,True,2026-05-01
780,Low,False,False,Poor,Standard,True,2026-05-01
781,High,False,False,Poor,Standard,False,2026-05-01
782,High,False,False,Poor,Missing,True,2026-05-01
783,Medium,False,False,Poor,Faded,True,2026-05-01
784,Low,True,False,Poor,Standard,True,2026-05-01
785,Medium,True,False,Poor,Standard,True,2026-05-01
786,Low,False,True,Fair,Standard,True,2026-05-01
787,Low,False,True,Good,Standard,False,2026-05-01
788,Low,True,True,Poor,Standard,False,2026-05-01
789,Medium,True,False,Good,Standard,True,2026-05-01
790,High,False,False,Good,Standard,False,2026-05-01
791,Medium,True,True,Poor,Standard,True,2026-05-01
792,High,False,False,Fair,Faded,False,2026-05-01
793,Low,True,True,Good,Faded,True,2026-05-01
794,Medium,True,False,Fair,Standard,True,2026-05-01
795,Medium,True,False,Poor,Faded,True,2026-05-01
796,Medium,True,False,Fair,Faded,True,2026-05-01
797,Medium,True,True,Poor,Standard,True,2026-05-01
798,Low,False,False,Good,Missing,True,2026-05-01
799,Low,False,False,Poor,Standard,False,2026-05-01
800,Low,True,False,Good,Standard,True,2026-05-01
801,High,False,False,Good,Standard,True,2026-05-01
802,High,False,True,Fair,Standard,True,2026-05-01
803,High,False,False,Fair,Standard,True,2026-05-01
804,Medium,True,True,Fair,Standard,False,2026-05-01
805,Low,False,False,Good,Missing,True,2026-05-01
806,Medium,False,False,Good,Missing,True,2026-05-01
807,Low,False,False,Poor,Missing,True,2026-05-01
808,Medium,False,True,Fair,Standard,False,2026-05-01
809,Medium,False,True,Poor,Standard,True,2026-05-01
810,Medium,False,False,Poor,Standard,True,2026-05-01
811,Low,True,False,Fair,Standard,False,2026-05-01
812,High,True,True,Fair,Standard,True,2026-05-01
813,Low,True,True,Good,Standard,False,2026-05-01
814,High,False,True,Fair,Standard,True,2026-05-01
815,High,False,False,Fair,Standard,True,2026-05-01
816,Medium,False,True,Poor,Standard,True,2026-05-01
817,Low,False,False,Fair,Standard,True,2026-05-01
818,Medium,False,False,Fair,Faded,False,2026-05-01
819,Medium,True,True,Poor,Standard,True,2026-05-01
820,Low,True,False,Good,Standard,False,2026-05-01
821,Low,False,True,Fair,Faded,False,2026-05-01
822,High,False,False,Good,Missing,True,2026-05-01
823,Medium,False,False,Good,Standard,True,2026-05-01
824,Medium,False,False,Poor,Standard,True,2026-05-01
825,Low,False,True,Poor,Faded,True,2026-05-01
826,Medium,True,False,Poor,Missing,True,2026-05-01
827,High,False,False,Good,Standard,True,2026-05-01
828,Low,False,True,Poor,Standard,True,2026-05-01
829,High,False,False,Fair,Standard,False,2026-05-01
830,Low,True,False,Good,Standard,True,2026-05-01
831,Low,True,False,Fair,Missing,False,2026-05-01
832,High,True,False,Poor,Faded,True,2026-05-01
833,Low,True,False,Poor,Faded,True,2026-05-01
834,High,False,False,Fair,Standard,True,2026-05-01
835,Low,True,False,Poor,Faded,True,2026-05-01
836,Low,False,False,Poor,Faded,True,2026-05-01
837,Medium,True,False,Fair,Standard,False,2026-05-01
838,Low,True,False,Poor,Faded,True,2026-05-01
839,Low,True,False,Fair,Missing,False,2026-05-01
840,Medium,False,False,Good,Standard,True,2026-05-01
841,Medium,True,True,Fair,Standard,True,2026-05-01
842,Medium,False,False,Fair,Standard,True,2026-05-01
843,High,False,False,Poor,Faded,True,2026-05-01
844,Low,False,True,Poor,Missing,True,2026-05-01
845,High,False,False,Good,Missing,False,2026-05-01
846,Medium,True,True,Good,Faded,True,2026-05-01
847,High,False,False,Good,Faded,True,2026-05-01
848,Low,False,False,Poor,Standard,False,2026-05-01
849,Medium,False,True,Good,Standard,False,2026-05-01
850,Low,False,False,Poor,Standard,False,2026-05-01
851,Low,True,True,Good,Faded,False,2026-05-01
852,Low,True,True,Poor,Standard,False,2026-05-01
853,Medium,False,False,Fair,Faded,False,2026-05-01
854,Medium,True,False,Poor,Faded,False,2026-05-01
855,Low,False,False,Poor,Faded,False,2026-05-01
856,Low,True,False,Poor,Faded,True,2026-05-01
857,High,False,False,Good,Faded,True,2026-05-01
858,Low,False,True,Poor,Standard,False,2026-05-01
859,Low,False,True,Fair,Missing,False,2026-05-01
860,High,False,False,Good,Faded,False,2026-05-01
861,Medium,False,False,Good,Standard,False,2026-05-01
862,Medium,True,True,Fair,Standard,True,2026-05-01
863,Low,True,True,Fair,Standard,False,2026-05-01
864,Low,False,False,Good,Faded,False,2026-05-01
865,High,False,True,Fair,Standard,False,2026-05-01
866,Medium,False,False,Fair,Standard,True,2026-05-01
867,Low,False,False,Fair,Faded,True,2026-05-01
868,High,False,False,Poor,Standard,False,2026-05-01
869,High,False,False,Fair,Missing,True,2026-05-01
870,High,True,True,Poor,Missing,True,2026-05-01
871,Low,True,False,Fair,Standard,False,2026-05-01
872,Medium,False,False,Good,Faded,True,2026-05-01
873,High,False,False,Good,Faded,False,2026-05-01
874,Low,True,True,Good,Standard,True,2026-05-01
875,High,True,False,Poor,Standard,False,2026-05-01
876,Medium,True,False,Fair,Missing,False,2026-05-01
877,Medium,False,False,Fair,Standard,True,2026-05-01
878,High,False,True,Poor,Missing,False,2026-05-01
879,Low,True,False,Fair,Standard,False,2026-05-01
880,Medium,False,False,Fair,Faded,True,2026-05-01
881,Medium,True,False,Fair,Standard,True,2026-05-01
882,Low,True,False,Poor,Faded,False,2026-05-01
883,Low,True,False,Fair,Standard,False,2026-05-01
884,Low,False,False,Good,Standard,True,2026-05-01
885,Low,False,False,Good,Standard,True,2026-05-01
886,Medium,True,False,Good,Standard,True,2026-05-01
887,Low,True,False,Poor,Standard,False,2026-05-01
888,Medium,True,True,Good,Missing,False,2026-05-01
889,Low,False,False,Poor,Standard,True,2026-05-01
890,High,False,False,Poor,Standard,True,2026-05-01
891,Low,False,False,Good,Missing,False,2026-05-01
892,Low,True,True,Good,Missing,False,2026-05-01
893,Medium,True,False,Poor,Standard,False,2026-05-01
894,Low,True,True,Fair,Standard,True,2026-05-01
895,High,True,False,Poor,Faded,True,2026-05-01
896,Low,False,False,Poor,Standard,False,2026-05-01
897,High,False,False,Good,Faded,False,2026-05-01
898,Medium,False,False,Fair,Standard,False,2026-05-01
899,Medium,False,False,Good,Standard,True,2026-05-01
900,Low,True,False,Fair,Standard,False,2026-05-01
901,Medium,False,True,Good,Standard,False,2026-05-01
902,Low,False,False,Poor,Standard,True,2026-05-01
903,High,False,False,Good,Standard,False,2026-05-01
904,Medium,False,False,Good,Faded,True,2026-05-01
905,Medium,False,True,Good,Standard,False,2026-05-01
906,Low,False,False,Fair,Faded,True,2026-05-01
907,Medium,False,False,Good,Missing,False,2026-05-01
908,Medium,False,False,Fair,Standard,False,2026-05-01
909,Medium,False,False,Good,Standard,True,2026-05-01
910,Medium,False,False,Good,Standard,False,2026-05-01
911,High,False,False,Poor,Missing,False,2026-05-01
912,High,False,False,Good,Standard,False,2026-05-01
913,Medium,False,False,Good,Faded,True,2026-05-01
914,High,False,False,Good,Standard,True,2026-05-01
915,Medium,True,False,Poor,Missing,True,2026-05-01
916,Low,False,False,Good,Faded,False,2026-05-01
917,High,False,False,Good,Faded,False,2026-05-01
918,Low,False,False,Fair,Faded,False,2026-05-01
919,High,False,True,Good,Standard,False,2026-05-01
920,Medium,False,False,Good,Standard,False,2026-05-01
921,High,False,False,Fair,Faded,False,2026-05-01
922,Low,False,False,Good,Faded,False,2026-05-01
923,Low,False,True,Fair,Faded,False,2026-05-01
924,High,False,False,Fair,Standard,False,2026-05-01
925,Medium,False,False,Fair,Missing,False,2026-05-01
926,Low,False,False,Good,Faded,False,2026-05-01
927,Medium,False,False,Fair,Standard,True,2026-05-01
928,Medium,False,True,Good,Standard,False,2026-05-01
929,Medium,False,False,Poor,Standard,True,2026-05-01
930,Low,False,False,Fair,Missing,False,2026-05-01
931,Low,True,False,Good,Faded,True,2026-05-01
932,High,False,False,Poor,Standard,False,2026-05-01
933,Medium,False,False,Good,Faded,True,2026-05-01
934,High,False,False,Good,Missing,True,2026-05-01
935,Medium,True,False,Poor,Standard,True,2026-05-01
936,Low,False,False,Fair,Faded,True,2026-05-01
937,Low,True,True,Good,Missing,False,2026-05-01
938,Medium,False,True,Poor,Standard,False,2026-05-01
939,High,False,False,Poor,Standard,True,2026-05-01
940,High,False,False,Good,Standard,False,2026-05-01
941,Low,False,False,Poor,Missing,True,2026-05-01
942,Low,False,True,Poor,Standard,True,2026-05-01
943,Low,False,False,Poor,Standard,False,2026-05-01
944,High,False,False,Good,Standard,False,2026-05-01
945,Medium,False,False,Good,Faded,True,2026-05-01
946,Medium,True,False,Fair,Faded,False,2026-05-01
947,High,False,False,Fair,Standard,False,2026-05-01
948,Medium,False,False,Good,Standard,True,2026-05-01
949,Medium,True,False,Fair,Standard,True,2026-05-01
950,High,False,False,Good,Faded,False,2026-05-01
951,Medium,False,False,Poor,Standard,False,2026-05-01
952,High,False,False,Good,Standard,False,2026-05-01
953,Low,False,False,Good,Standard,True,2026-05-01
954,Medium,False,True,Good,Standard,False,2026-05-01
955,Low,False,True,Poor,Faded,False,2026-05-01
956,Low,False,False,Good,Faded,True,2026-05-01
957,Medium,False,True,Good,Standard,False,2026-05-01
958,High,True,False,Good,Standard,True,2026-05-01
959,Low,False,False,Fair,Standard,False,2026-05-01
960,High,False,False,Good,Standard,False,2026-05-01
961,Medium,False,True,Good,Standard,False,2026-05-01
962,Medium,False,False,Poor,Faded,False,2026-05-01
963,High,False,False,Fair,Standard,False,2026-05-01
964,High,False,False,Good,Missing,False,2026-05-01
965,Medium,False,False,Poor,Faded,False,2026-05-01
966,Low,False,False,Good,Standard,False,2026-05-01
967,Low,False,False,Fair,Standard,False,2026-05-01
968,Medium,False,False,Fair,Standard,True,2026-05-01
969,Medium,False,False,Poor,Standard,False,2026-05-01
970,Medium,True,False,Fair,Standard,True,2026-05-01
971,Low,False,False,Poor,Standard,True,2026-05-01
972,Low,False,False,Fair,Standard,False,2026-05-01
973,High,False,False,Good,Missing,False,2026-05-01
974,Medium,False,False,Poor,Standard,True,2026-05-01
975,Medium,True,False,Fair,Standard,False,2026-05-01
976,Low,False,True,Fair,Faded,False,2026-05-01
977,Medium,True,False,Good,Standard,True,2026-05-01
978,Medium,False,True,Fair,Standard,False,2026-05-01
979,Low,False,False,Good,Standard,False,2026-05-01
980,Low,False,False,Fair,Standard,True,2026-05-01
981,Low,False,False,Good,Faded,True,2026-05-01
982,Medium,False,False,Fair,Standard,True,2026-05-01
983,High,False,False,Fair,Standard,False,2026-05-01
984,Medium,True,False,Good,Standard,True,2026-05-01
985,Low,False,False,Poor,Standard,False,2026-05-01
986,High,False,False,Good,Faded,False,2026-05-01
987,Medium,False,False,Fair,Standard,True,2026-05-01
988,High,True,False,Poor,Standard,True,2026-05-01
989,Medium,False,False,Fair,Faded,False,2026-05-01
990,Low,False,False,Good,Missing,False,2026-05-01
991,Medium,True,False,Good,Faded,False,2026-05-01
992,Low,False,False,Good,Standard,False,2026-05-01
993,Low,False,False,Fair,Standard,False,2026-05-01
994,Low,False,True,Good,Standard,False,2026-05-01
995,High,False,True,Good,Faded,False,2026-05-01
996,Medium,False,False,Fair,Faded,False,2026-05-01
997,Low,False,False,Poor,Faded,False,2026-05-01
998,Medium,False,False,Good,Faded,False,2026-05-01
999,Medium,False,True,Good,Standard,False,2026-05-01
1000,Low,False,False,Good,Standard,False,2026-05-01
1001,High,True,False,Good,Faded,False,2026-05-01
1002,High,False,False,Poor,Faded,False,2026-05-01
1003,Medium,False,True,Poor,Standard,False,2026-05-01
1004,Medium,False,False,Good,Missing,True,2026-05-01
1005,Medium,True,False,Good,Standard,False,2026-05-01
1006,Low,True,True,Poor,Standard,False,2026-05-01
1007,Low,False,True,Fair,Faded,False,2026-05-01
1008,Medium,False,False,Good,Missing,False,2026-05-01
1009,Low,True,False,Poor,Missing,False,2026-05-01
1010,Medium,False,False,Fair,Missing,False,2026-05-01
1011,Low,False,False,Fair,Standard,False,2026-05-01
1012,Low,False,False,Poor,Missing,False,2026-05-01
1013,High,False,False,Fair,Standard,False,2026-05-01
1014,Low,False,True,Fair,Missing,False,2026-05-01
1015,Low,True,True,Good,Standard,False,2026-05-01
1016,Medium,True,True,Fair,Standard,False,2026-05-01
1017,Medium,False,False,Poor,Standard,False,2026-05-01
1018,High,True,False,Fair,Standard,False,2026-05-01
1019,Low,True,False,Good,Faded,False,2026-05-01
1020,Low,False,False,Fair,Standard,False,2026-05-01
1021,High,False,False,Poor,Standard,False,2026-05-01
1022,Low,False,False,Fair,Standard,False,2026-05-01
1023,Low,False,False,Fair,Standard,True,2026-05-01
1024,Low,True,False,Poor,Standard,False,2026-05-01
1025,Medium,False,False,Good,Standard,False,2026-05-01
1026,High,False,False,Good,Faded,False,2026-05-01
1027,Medium,True,False,Fair,Faded,False,2026-05-01
1028,Medium,False,True,Good,Standard,False,2026-05-01
1029,Low,True,False,Fair,Standard,False,2026-05-01
1030,Medium,False,False,Poor,Standard,False,2026-05-01
1031,Low,False,False,Fair,Standard,False,2026-05-01
1032,Low,False,False,Poor,Faded,False,2026-05-01
1033,Low,False,False,Poor,Missing,False,2026-05-01
1034,Low,True,False,Poor,Standard,False,2026-05-01
1035,Medium,False,True,Fair,Standard,False,2026-05-01
1036,Low,False,False,Poor,Standard,True,2026-05-01
1037,Low,True,False,Good,Standard,True,2026-05-01
1038,High,True,False,Fair,Missing,False,2026-05-01
1039,Low,False,False,Fair,Standard,False,2026-05-01
1040,Low,True,False,Fair,Standard,False,2026-05-01
1041,High,True,False,Poor,Standard,True,2026-05-01
1042,Low,False,False,Fair,Standard,False,2026-05-01
1043,Low,True,False,Fair,Faded,False,2026-05-01
1044,Medium,False,True,Good,Standard,False,2026-05-01
1045,High,False,False,Poor,Standard,False,2026-05-01
1046,High,False,False,Good,Standard,False,2026-05-01
1047,High,False,False,Fair,Faded,True,2026-05-01
1048,Medium,False,False,Good,Standard,False,2026-05-01
1049,High,False,False,Fair,Standard,False,2026-05-01
1050,Low,True,False,Good,Faded,True,2026-05-01
1051,Low,False,False,Fair,Standard,False,2026-05-01
1052,Medium,False,False,Fair,Standard,False,2026-05-01
1053,Medium,True,False,Fair,Standard,False,2026-05-01
1054,High,False,False,Poor,Standard,False,2026-05-01
1055,Low,False,False,Fair,Standard,False,2026-05-01
1056,Low,False,True,Fair,Missing,True,2026-05-01
1057,Medium,False,False,Fair,Standard,False,2026-05-01
1058,Low,False,False,Good,Standard,False,2026-05-01
1059,Medium,True,False,Poor,Standard,False,2026-05-01
1060,High,False,False,Fair,Standard,False,2026-05-01
1061,Low,True,False,Poor,Missing,True,2026-05-01
1062,High,False,False,Good,Standard,False,2026-05-01
1063,Medium,False,False,Fair,Faded,False,2026-05-01
1064,Medium,False,False,Good,Faded,False,2026-05-01
1065,Low,True,True,Good,Missing,True,2026-05-01
1066,High,False,False,Poor,Missing,False,2026-05-01
1067,Low,False,True,Fair,Standard,True,2026-05-01
1068,Medium,True,False,Poor,Faded,False,2026-05-01
1069,Low,True,True,Fair,Standard,False,2026-05-01
1070,High,False,True,Good,Faded,False,2026-05-01
1071,High,False,False,Fair,Standard,False,2026-05-01
1072,High,True,False,Good,Standard,True,2026-05-01
1073,High,True,False,Fair,Faded,False,2026-05-01
1074,Low,False,False,Fair,Missing,False,2026-05-01
1075,High,False,True,Fair,Faded,False,2026-05-01
1076,Low,True,False,Poor,Faded,False,2026-05-01
1077,Low,True,False,Good,Missing,False,2026-05-01
1078,High,False,False,Poor,Standard,False,2026-05-01
1079,High,False,False,Fair,Missing,False,2026-05-01
1080,Low,False,False,Good,Standard,True,2026-05-01
1081,Low,True,False,Fair,Standard,False,2026-05-01
1082,Medium,True,False,Fair,Standard,False,2026-05-01
1083,High,False,False,Poor,Standard,False,2026-05-01
1084,Medium,False,False,Fair,Standard,False,2026-05-01
1085,Low,True,True,Good,Standard,False,2026-05-01
1086,Medium,False,True,Good,Standard,False,2026-05-01
1087,High,False,False,Good,Missing,False,2026-05-01
1088,Low,True,True,Fair,Missing,False,2026-05-01
1089,High,False,False,Fair,Standard,False,2026-05-01
1090,High,False,True,Good,Standard,True,2026-05-01
1091,Medium,True,False,Good,Standard,False,2026-05-01
1092,High,False,True,Fair,Standard,False,2026-05-01
1093,Medium,False,False,Good,Faded,False,2026-05-01
1094,High,False,False,Good,Standard,False,2026-05-01
1095,Medium,True,False,Good,Faded,True,2026-05-01
1096,Low,False,True,Fair,Faded,True,2026-05-01
1097,Medium,False,True,Fair,Missing,False,2026-05-01
1098,Low,False,False,Poor,Standard,False,2026-05-01
1099,Low,True,True,Good,Standard,False,2026-05-01
1100,Low,False,False,Fair,Standard,False,2026-05-01
1101,Low,True,False,Good,Standard,False,2026-05-01
1102,Low,False,True,Poor,Standard,False,2026-05-01
1103,Medium,False,True,Fair,Missing,False,2026-05-01
1104,Medium,True,False,Good,Standard,True,2026-05-01
1105,Low,False,False,Good,Standard,False,2026-05-01
1106,Medium,False,False,Poor,Missing,False,2026-05-01
1107,Low,True,False,Fair,Faded,False,2026-05-01
1108,Low,False,False,Poor,Standard,False,2026-05-01
1109,Medium,True,True,Good,Faded,False,2026-05-01
1110,Medium,False,False,Fair,Standard,False,2026-05-01
1111,Medium,True,False,Fair,Faded,False,2026-05-01
1112,Medium,True,False,Good,Standard,False,2026-05-01
